{
    "name": "Global Information",
    "numberOfRequests": {
        "total": 45,
        "ok": 45,
        "ko": 0
    },
    "minResponseTime": {
        "total": 459,
        "ok": 459,
        "ko": 0
    },
    "maxResponseTime": {
        "total": 1146,
        "ok": 1146,
        "ko": 0
    },
    "meanResponseTime": {
        "total": 584,
        "ok": 584,
        "ko": 0
    },
    "standardDeviation": {
        "total": 142,
        "ok": 142,
        "ko": 0
    },
    "percentiles1": {
        "total": 532,
        "ok": 532,
        "ko": 0
    },
    "percentiles2": {
        "total": 558,
        "ok": 558,
        "ko": 0
    },
    "percentiles3": {
        "total": 906,
        "ok": 906,
        "ko": 0
    },
    "percentiles4": {
        "total": 1093,
        "ok": 1093,
        "ko": 0
    },
    "group1": {
        "name": "t < 800 ms",
        "count": 42,
        "percentage": 93
    },
    "group2": {
        "name": "800 ms < t < 1200 ms",
        "count": 3,
        "percentage": 7
    },
    "group3": {
        "name": "t > 1200 ms",
        "count": 0,
        "percentage": 0
    },
    "group4": {
        "name": "failed",
        "count": 0,
        "percentage": 0
    },
    "meanNumberOfRequestsPerSecond": {
        "total": 0.1505016722408027,
        "ok": 0.1505016722408027,
        "ko": 0
    }
}