{
    "name": "Global Information",
    "numberOfRequests": {
        "total": 45,
        "ok": 45,
        "ko": 0
    },
    "minResponseTime": {
        "total": 51,
        "ok": 51,
        "ko": 0
    },
    "maxResponseTime": {
        "total": 288,
        "ok": 288,
        "ko": 0
    },
    "meanResponseTime": {
        "total": 85,
        "ok": 85,
        "ko": 0
    },
    "standardDeviation": {
        "total": 54,
        "ok": 54,
        "ko": 0
    },
    "percentiles1": {
        "total": 58,
        "ok": 58,
        "ko": 0
    },
    "percentiles2": {
        "total": 124,
        "ok": 124,
        "ko": 0
    },
    "percentiles3": {
        "total": 208,
        "ok": 208,
        "ko": 0
    },
    "percentiles4": {
        "total": 261,
        "ok": 261,
        "ko": 0
    },
    "group1": {
        "name": "t < 800 ms",
        "count": 45,
        "percentage": 100
    },
    "group2": {
        "name": "800 ms < t < 1200 ms",
        "count": 0,
        "percentage": 0
    },
    "group3": {
        "name": "t > 1200 ms",
        "count": 0,
        "percentage": 0
    },
    "group4": {
        "name": "failed",
        "count": 0,
        "percentage": 0
    },
    "meanNumberOfRequestsPerSecond": {
        "total": 0.15100671140939598,
        "ok": 0.15100671140939598,
        "ko": 0
    }
}