{
  "type": "GROUP",
"name": "Global Information",
"path": "",
"pathFormatted": "group_missing-name-b06d1",
"stats": {
    "name": "Global Information",
    "numberOfRequests": {
        "total": 45,
        "ok": 45,
        "ko": 0
    },
    "minResponseTime": {
        "total": 232,
        "ok": 232,
        "ko": 0
    },
    "maxResponseTime": {
        "total": 1063,
        "ok": 1063,
        "ko": 0
    },
    "meanResponseTime": {
        "total": 331,
        "ok": 331,
        "ko": 0
    },
    "standardDeviation": {
        "total": 149,
        "ok": 149,
        "ko": 0
    },
    "percentiles1": {
        "total": 278,
        "ok": 278,
        "ko": 0
    },
    "percentiles2": {
        "total": 330,
        "ok": 330,
        "ko": 0
    },
    "percentiles3": {
        "total": 613,
        "ok": 613,
        "ko": 0
    },
    "percentiles4": {
        "total": 918,
        "ok": 918,
        "ko": 0
    },
    "group1": {
        "name": "t < 800 ms",
        "count": 44,
        "percentage": 98
    },
    "group2": {
        "name": "800 ms < t < 1200 ms",
        "count": 1,
        "percentage": 2
    },
    "group3": {
        "name": "t > 1200 ms",
        "count": 0,
        "percentage": 0
    },
    "group4": {
        "name": "failed",
        "count": 0,
        "percentage": 0
    },
    "meanNumberOfRequestsPerSecond": {
        "total": 0.1505016722408027,
        "ok": 0.1505016722408027,
        "ko": 0
    }
},
"contents": {
"req_obs-dbabb": {
        "type": "REQUEST",
        "name": "obs",
"path": "obs",
"pathFormatted": "req_obs-dbabb",
"stats": {
    "name": "obs",
    "numberOfRequests": {
        "total": 45,
        "ok": 45,
        "ko": 0
    },
    "minResponseTime": {
        "total": 232,
        "ok": 232,
        "ko": 0
    },
    "maxResponseTime": {
        "total": 1063,
        "ok": 1063,
        "ko": 0
    },
    "meanResponseTime": {
        "total": 331,
        "ok": 331,
        "ko": 0
    },
    "standardDeviation": {
        "total": 149,
        "ok": 149,
        "ko": 0
    },
    "percentiles1": {
        "total": 278,
        "ok": 278,
        "ko": 0
    },
    "percentiles2": {
        "total": 330,
        "ok": 330,
        "ko": 0
    },
    "percentiles3": {
        "total": 613,
        "ok": 613,
        "ko": 0
    },
    "percentiles4": {
        "total": 918,
        "ok": 918,
        "ko": 0
    },
    "group1": {
        "name": "t < 800 ms",
        "count": 44,
        "percentage": 98
    },
    "group2": {
        "name": "800 ms < t < 1200 ms",
        "count": 1,
        "percentage": 2
    },
    "group3": {
        "name": "t > 1200 ms",
        "count": 0,
        "percentage": 0
    },
    "group4": {
        "name": "failed",
        "count": 0,
        "percentage": 0
    },
    "meanNumberOfRequestsPerSecond": {
        "total": 0.1505016722408027,
        "ok": 0.1505016722408027,
        "ko": 0
    }
}
    }
}

}