{
    "name": "Global Information",
    "numberOfRequests": {
        "total": 45,
        "ok": 45,
        "ko": 0
    },
    "minResponseTime": {
        "total": 28,
        "ok": 28,
        "ko": 0
    },
    "maxResponseTime": {
        "total": 1029,
        "ok": 1029,
        "ko": 0
    },
    "meanResponseTime": {
        "total": 58,
        "ok": 58,
        "ko": 0
    },
    "standardDeviation": {
        "total": 147,
        "ok": 147,
        "ko": 0
    },
    "percentiles1": {
        "total": 35,
        "ok": 35,
        "ko": 0
    },
    "percentiles2": {
        "total": 39,
        "ok": 39,
        "ko": 0
    },
    "percentiles3": {
        "total": 52,
        "ok": 52,
        "ko": 0
    },
    "percentiles4": {
        "total": 600,
        "ok": 600,
        "ko": 0
    },
    "group1": {
        "name": "t < 800 ms",
        "count": 44,
        "percentage": 98
    },
    "group2": {
        "name": "800 ms < t < 1200 ms",
        "count": 1,
        "percentage": 2
    },
    "group3": {
        "name": "t > 1200 ms",
        "count": 0,
        "percentage": 0
    },
    "group4": {
        "name": "failed",
        "count": 0,
        "percentage": 0
    },
    "meanNumberOfRequestsPerSecond": {
        "total": 0.15100671140939598,
        "ok": 0.15100671140939598,
        "ko": 0
    }
}