{
    "name": "Global Information",
    "numberOfRequests": {
        "total": 210,
        "ok": 210,
        "ko": 0
    },
    "minResponseTime": {
        "total": 56,
        "ok": 56,
        "ko": 0
    },
    "maxResponseTime": {
        "total": 147,
        "ok": 147,
        "ko": 0
    },
    "meanResponseTime": {
        "total": 73,
        "ok": 73,
        "ko": 0
    },
    "standardDeviation": {
        "total": 15,
        "ok": 15,
        "ko": 0
    },
    "percentiles1": {
        "total": 69,
        "ok": 69,
        "ko": 0
    },
    "percentiles2": {
        "total": 76,
        "ok": 76,
        "ko": 0
    },
    "percentiles3": {
        "total": 104,
        "ok": 104,
        "ko": 0
    },
    "percentiles4": {
        "total": 130,
        "ok": 130,
        "ko": 0
    },
    "group1": {
        "name": "t < 800 ms",
        "count": 210,
        "percentage": 100
    },
    "group2": {
        "name": "800 ms < t < 1200 ms",
        "count": 0,
        "percentage": 0
    },
    "group3": {
        "name": "t > 1200 ms",
        "count": 0,
        "percentage": 0
    },
    "group4": {
        "name": "failed",
        "count": 0,
        "percentage": 0
    },
    "meanNumberOfRequestsPerSecond": {
        "total": 0.6907894736842105,
        "ok": 0.6907894736842105,
        "ko": 0
    }
}