{
    "name": "Global Information",
    "numberOfRequests": {
        "total": 210,
        "ok": 210,
        "ko": 0
    },
    "minResponseTime": {
        "total": 104,
        "ok": 104,
        "ko": 0
    },
    "maxResponseTime": {
        "total": 465,
        "ok": 465,
        "ko": 0
    },
    "meanResponseTime": {
        "total": 143,
        "ok": 143,
        "ko": 0
    },
    "standardDeviation": {
        "total": 40,
        "ok": 40,
        "ko": 0
    },
    "percentiles1": {
        "total": 132,
        "ok": 132,
        "ko": 0
    },
    "percentiles2": {
        "total": 146,
        "ok": 146,
        "ko": 0
    },
    "percentiles3": {
        "total": 229,
        "ok": 229,
        "ko": 0
    },
    "percentiles4": {
        "total": 264,
        "ok": 264,
        "ko": 0
    },
    "group1": {
        "name": "t < 800 ms",
        "count": 210,
        "percentage": 100
    },
    "group2": {
        "name": "800 ms < t < 1200 ms",
        "count": 0,
        "percentage": 0
    },
    "group3": {
        "name": "t > 1200 ms",
        "count": 0,
        "percentage": 0
    },
    "group4": {
        "name": "failed",
        "count": 0,
        "percentage": 0
    },
    "meanNumberOfRequestsPerSecond": {
        "total": 0.6907894736842105,
        "ok": 0.6907894736842105,
        "ko": 0
    }
}