<?xml version="1.0" encoding="UTF-8"?>
<Configuration status="off">
    <appenders>
      <Console name="Console" target="SYSTEM_OUT">
        <PatternLayout pattern="%d{HH:mm:ss.SSS} [%t] %-5level %logger{36} - %msg%n"/>
      </Console>
      <RollingFile name="RollingFileDynamoDB" fileName="/log/dynamoDB.log" filePattern="/log/dynamoDB_%d{yyyyMMddHHmmssSSS}.log.zip">
        <PatternLayout>
          <Pattern>[%d{yyyy/MM/dd HH:mm:ss.SSSXXX}] [%-5p] [%t] [%c{1}.%M(%file:%line)] - %m%n%throwable{full}</Pattern>
        </PatternLayout>
        <Policies>
          <SizeBasedTriggeringPolicy size="100 MB" />
        </Policies>
        <DefaultRolloverStrategy max="20"/>
      </RollingFile>
    </appenders>

    <Loggers>
        <Root level="all">
            <AppenderRef ref="Console"/>
            <AppenderRef ref="RollingFileDynamoDB"/>
        </Root>
    </Loggers>
</Configuration>
