{
  "type": "GROUP",
"name": "Global Information",
"path": "",
"pathFormatted": "group_missing-name-b06d1",
"stats": {
    "name": "Global Information",
    "numberOfRequests": {
        "total": 45,
        "ok": 45,
        "ko": 0
    },
    "minResponseTime": {
        "total": 102,
        "ok": 102,
        "ko": 0
    },
    "maxResponseTime": {
        "total": 423,
        "ok": 423,
        "ko": 0
    },
    "meanResponseTime": {
        "total": 139,
        "ok": 139,
        "ko": 0
    },
    "standardDeviation": {
        "total": 55,
        "ok": 55,
        "ko": 0
    },
    "percentiles1": {
        "total": 119,
        "ok": 119,
        "ko": 0
    },
    "percentiles2": {
        "total": 141,
        "ok": 141,
        "ko": 0
    },
    "percentiles3": {
        "total": 228,
        "ok": 228,
        "ko": 0
    },
    "percentiles4": {
        "total": 343,
        "ok": 343,
        "ko": 0
    },
    "group1": {
        "name": "t < 800 ms",
        "count": 45,
        "percentage": 100
    },
    "group2": {
        "name": "800 ms < t < 1200 ms",
        "count": 0,
        "percentage": 0
    },
    "group3": {
        "name": "t > 1200 ms",
        "count": 0,
        "percentage": 0
    },
    "group4": {
        "name": "failed",
        "count": 0,
        "percentage": 0
    },
    "meanNumberOfRequestsPerSecond": {
        "total": 0.1505016722408027,
        "ok": 0.1505016722408027,
        "ko": 0
    }
},
"contents": {
"req_obs-dbabb": {
        "type": "REQUEST",
        "name": "obs",
"path": "obs",
"pathFormatted": "req_obs-dbabb",
"stats": {
    "name": "obs",
    "numberOfRequests": {
        "total": 45,
        "ok": 45,
        "ko": 0
    },
    "minResponseTime": {
        "total": 102,
        "ok": 102,
        "ko": 0
    },
    "maxResponseTime": {
        "total": 423,
        "ok": 423,
        "ko": 0
    },
    "meanResponseTime": {
        "total": 139,
        "ok": 139,
        "ko": 0
    },
    "standardDeviation": {
        "total": 55,
        "ok": 55,
        "ko": 0
    },
    "percentiles1": {
        "total": 119,
        "ok": 119,
        "ko": 0
    },
    "percentiles2": {
        "total": 141,
        "ok": 141,
        "ko": 0
    },
    "percentiles3": {
        "total": 228,
        "ok": 228,
        "ko": 0
    },
    "percentiles4": {
        "total": 343,
        "ok": 343,
        "ko": 0
    },
    "group1": {
        "name": "t < 800 ms",
        "count": 45,
        "percentage": 100
    },
    "group2": {
        "name": "800 ms < t < 1200 ms",
        "count": 0,
        "percentage": 0
    },
    "group3": {
        "name": "t > 1200 ms",
        "count": 0,
        "percentage": 0
    },
    "group4": {
        "name": "failed",
        "count": 0,
        "percentage": 0
    },
    "meanNumberOfRequestsPerSecond": {
        "total": 0.1505016722408027,
        "ok": 0.1505016722408027,
        "ko": 0
    }
}
    }
}

}