{
    "name": "Global Information",
    "numberOfRequests": {
        "total": 45,
        "ok": 45,
        "ko": 0
    },
    "minResponseTime": {
        "total": 48,
        "ok": 48,
        "ko": 0
    },
    "maxResponseTime": {
        "total": 768,
        "ok": 768,
        "ko": 0
    },
    "meanResponseTime": {
        "total": 83,
        "ok": 83,
        "ko": 0
    },
    "standardDeviation": {
        "total": 105,
        "ok": 105,
        "ko": 0
    },
    "percentiles1": {
        "total": 60,
        "ok": 60,
        "ko": 0
    },
    "percentiles2": {
        "total": 82,
        "ok": 82,
        "ko": 0
    },
    "percentiles3": {
        "total": 125,
        "ok": 125,
        "ko": 0
    },
    "percentiles4": {
        "total": 490,
        "ok": 490,
        "ko": 0
    },
    "group1": {
        "name": "t < 800 ms",
        "count": 45,
        "percentage": 100
    },
    "group2": {
        "name": "800 ms < t < 1200 ms",
        "count": 0,
        "percentage": 0
    },
    "group3": {
        "name": "t > 1200 ms",
        "count": 0,
        "percentage": 0
    },
    "group4": {
        "name": "failed",
        "count": 0,
        "percentage": 0
    },
    "meanNumberOfRequestsPerSecond": {
        "total": 0.15100671140939598,
        "ok": 0.15100671140939598,
        "ko": 0
    }
}