{
    "name": "Global Information",
    "numberOfRequests": {
        "total": 45,
        "ok": 45,
        "ko": 0
    },
    "minResponseTime": {
        "total": 379,
        "ok": 379,
        "ko": 0
    },
    "maxResponseTime": {
        "total": 1143,
        "ok": 1143,
        "ko": 0
    },
    "meanResponseTime": {
        "total": 510,
        "ok": 510,
        "ko": 0
    },
    "standardDeviation": {
        "total": 143,
        "ok": 143,
        "ko": 0
    },
    "percentiles1": {
        "total": 461,
        "ok": 461,
        "ko": 0
    },
    "percentiles2": {
        "total": 483,
        "ok": 483,
        "ko": 0
    },
    "percentiles3": {
        "total": 849,
        "ok": 849,
        "ko": 0
    },
    "percentiles4": {
        "total": 1023,
        "ok": 1023,
        "ko": 0
    },
    "group1": {
        "name": "t < 800 ms",
        "count": 42,
        "percentage": 93
    },
    "group2": {
        "name": "800 ms < t < 1200 ms",
        "count": 3,
        "percentage": 7
    },
    "group3": {
        "name": "t > 1200 ms",
        "count": 0,
        "percentage": 0
    },
    "group4": {
        "name": "failed",
        "count": 0,
        "percentage": 0
    },
    "meanNumberOfRequestsPerSecond": {
        "total": 0.1505016722408027,
        "ok": 0.1505016722408027,
        "ko": 0
    }
}