{
  "type": "GROUP",
"name": "Global Information",
"path": "",
"pathFormatted": "group_missing-name-b06d1",
"stats": {
    "name": "Global Information",
    "numberOfRequests": {
        "total": 210,
        "ok": 210,
        "ko": 0
    },
    "minResponseTime": {
        "total": 58,
        "ok": 58,
        "ko": 0
    },
    "maxResponseTime": {
        "total": 330,
        "ok": 330,
        "ko": 0
    },
    "meanResponseTime": {
        "total": 78,
        "ok": 78,
        "ko": 0
    },
    "standardDeviation": {
        "total": 27,
        "ok": 27,
        "ko": 0
    },
    "percentiles1": {
        "total": 70,
        "ok": 70,
        "ko": 0
    },
    "percentiles2": {
        "total": 76,
        "ok": 76,
        "ko": 0
    },
    "percentiles3": {
        "total": 127,
        "ok": 127,
        "ko": 0
    },
    "percentiles4": {
        "total": 156,
        "ok": 156,
        "ko": 0
    },
    "group1": {
        "name": "t < 800 ms",
        "count": 210,
        "percentage": 100
    },
    "group2": {
        "name": "800 ms < t < 1200 ms",
        "count": 0,
        "percentage": 0
    },
    "group3": {
        "name": "t > 1200 ms",
        "count": 0,
        "percentage": 0
    },
    "group4": {
        "name": "failed",
        "count": 0,
        "percentage": 0
    },
    "meanNumberOfRequestsPerSecond": {
        "total": 0.6907894736842105,
        "ok": 0.6907894736842105,
        "ko": 0
    }
},
"contents": {
"req_fcandtc-991dc": {
        "type": "REQUEST",
        "name": "fcanDTC",
"path": "fcanDTC",
"pathFormatted": "req_fcandtc-991dc",
"stats": {
    "name": "fcanDTC",
    "numberOfRequests": {
        "total": 210,
        "ok": 210,
        "ko": 0
    },
    "minResponseTime": {
        "total": 58,
        "ok": 58,
        "ko": 0
    },
    "maxResponseTime": {
        "total": 330,
        "ok": 330,
        "ko": 0
    },
    "meanResponseTime": {
        "total": 78,
        "ok": 78,
        "ko": 0
    },
    "standardDeviation": {
        "total": 27,
        "ok": 27,
        "ko": 0
    },
    "percentiles1": {
        "total": 70,
        "ok": 70,
        "ko": 0
    },
    "percentiles2": {
        "total": 76,
        "ok": 76,
        "ko": 0
    },
    "percentiles3": {
        "total": 127,
        "ok": 127,
        "ko": 0
    },
    "percentiles4": {
        "total": 156,
        "ok": 156,
        "ko": 0
    },
    "group1": {
        "name": "t < 800 ms",
        "count": 210,
        "percentage": 100
    },
    "group2": {
        "name": "800 ms < t < 1200 ms",
        "count": 0,
        "percentage": 0
    },
    "group3": {
        "name": "t > 1200 ms",
        "count": 0,
        "percentage": 0
    },
    "group4": {
        "name": "failed",
        "count": 0,
        "percentage": 0
    },
    "meanNumberOfRequestsPerSecond": {
        "total": 0.6907894736842105,
        "ok": 0.6907894736842105,
        "ko": 0
    }
}
    }
}

}