{
  "type": "GROUP",
"name": "Global Information",
"path": "",
"pathFormatted": "group_missing-name-b06d1",
"stats": {
    "name": "Global Information",
    "numberOfRequests": {
        "total": 45,
        "ok": 45,
        "ko": 0
    },
    "minResponseTime": {
        "total": 32,
        "ok": 32,
        "ko": 0
    },
    "maxResponseTime": {
        "total": 509,
        "ok": 509,
        "ko": 0
    },
    "meanResponseTime": {
        "total": 60,
        "ok": 60,
        "ko": 0
    },
    "standardDeviation": {
        "total": 73,
        "ok": 73,
        "ko": 0
    },
    "percentiles1": {
        "total": 38,
        "ok": 38,
        "ko": 0
    },
    "percentiles2": {
        "total": 48,
        "ok": 48,
        "ko": 0
    },
    "percentiles3": {
        "total": 114,
        "ok": 114,
        "ko": 0
    },
    "percentiles4": {
        "total": 356,
        "ok": 356,
        "ko": 0
    },
    "group1": {
        "name": "t < 800 ms",
        "count": 45,
        "percentage": 100
    },
    "group2": {
        "name": "800 ms < t < 1200 ms",
        "count": 0,
        "percentage": 0
    },
    "group3": {
        "name": "t > 1200 ms",
        "count": 0,
        "percentage": 0
    },
    "group4": {
        "name": "failed",
        "count": 0,
        "percentage": 0
    },
    "meanNumberOfRequestsPerSecond": {
        "total": 0.15100671140939598,
        "ok": 0.15100671140939598,
        "ko": 0
    }
},
"contents": {
"req_obs-dbabb": {
        "type": "REQUEST",
        "name": "obs",
"path": "obs",
"pathFormatted": "req_obs-dbabb",
"stats": {
    "name": "obs",
    "numberOfRequests": {
        "total": 45,
        "ok": 45,
        "ko": 0
    },
    "minResponseTime": {
        "total": 32,
        "ok": 32,
        "ko": 0
    },
    "maxResponseTime": {
        "total": 509,
        "ok": 509,
        "ko": 0
    },
    "meanResponseTime": {
        "total": 60,
        "ok": 60,
        "ko": 0
    },
    "standardDeviation": {
        "total": 73,
        "ok": 73,
        "ko": 0
    },
    "percentiles1": {
        "total": 38,
        "ok": 38,
        "ko": 0
    },
    "percentiles2": {
        "total": 48,
        "ok": 48,
        "ko": 0
    },
    "percentiles3": {
        "total": 114,
        "ok": 114,
        "ko": 0
    },
    "percentiles4": {
        "total": 356,
        "ok": 356,
        "ko": 0
    },
    "group1": {
        "name": "t < 800 ms",
        "count": 45,
        "percentage": 100
    },
    "group2": {
        "name": "800 ms < t < 1200 ms",
        "count": 0,
        "percentage": 0
    },
    "group3": {
        "name": "t > 1200 ms",
        "count": 0,
        "percentage": 0
    },
    "group4": {
        "name": "failed",
        "count": 0,
        "percentage": 0
    },
    "meanNumberOfRequestsPerSecond": {
        "total": 0.15100671140939598,
        "ok": 0.15100671140939598,
        "ko": 0
    }
}
    }
}

}