{
    "name": "Global Information",
    "numberOfRequests": {
        "total": 210,
        "ok": 210,
        "ko": 0
    },
    "minResponseTime": {
        "total": 175,
        "ok": 175,
        "ko": 0
    },
    "maxResponseTime": {
        "total": 768,
        "ok": 768,
        "ko": 0
    },
    "meanResponseTime": {
        "total": 248,
        "ok": 248,
        "ko": 0
    },
    "standardDeviation": {
        "total": 112,
        "ok": 112,
        "ko": 0
    },
    "percentiles1": {
        "total": 200,
        "ok": 200,
        "ko": 0
    },
    "percentiles2": {
        "total": 271,
        "ok": 271,
        "ko": 0
    },
    "percentiles3": {
        "total": 491,
        "ok": 491,
        "ko": 0
    },
    "percentiles4": {
        "total": 687,
        "ok": 687,
        "ko": 0
    },
    "group1": {
        "name": "t < 800 ms",
        "count": 210,
        "percentage": 100
    },
    "group2": {
        "name": "800 ms < t < 1200 ms",
        "count": 0,
        "percentage": 0
    },
    "group3": {
        "name": "t > 1200 ms",
        "count": 0,
        "percentage": 0
    },
    "group4": {
        "name": "failed",
        "count": 0,
        "percentage": 0
    },
    "meanNumberOfRequestsPerSecond": {
        "total": 0.6907894736842105,
        "ok": 0.6907894736842105,
        "ko": 0
    }
}