{
  "type": "GROUP",
"name": "Global Information",
"path": "",
"pathFormatted": "group_missing-name-b06d1",
"stats": {
    "name": "Global Information",
    "numberOfRequests": {
        "total": 210,
        "ok": 209,
        "ko": 1
    },
    "minResponseTime": {
        "total": 93,
        "ok": 93,
        "ko": 1299
    },
    "maxResponseTime": {
        "total": 1299,
        "ok": 626,
        "ko": 1299
    },
    "meanResponseTime": {
        "total": 142,
        "ok": 136,
        "ko": 1299
    },
    "standardDeviation": {
        "total": 96,
        "ok": 53,
        "ko": 0
    },
    "percentiles1": {
        "total": 123,
        "ok": 123,
        "ko": 1299
    },
    "percentiles2": {
        "total": 129,
        "ok": 129,
        "ko": 1299
    },
    "percentiles3": {
        "total": 211,
        "ok": 206,
        "ko": 1299
    },
    "percentiles4": {
        "total": 407,
        "ok": 391,
        "ko": 1299
    },
    "group1": {
        "name": "t < 800 ms",
        "count": 209,
        "percentage": 100
    },
    "group2": {
        "name": "800 ms < t < 1200 ms",
        "count": 0,
        "percentage": 0
    },
    "group3": {
        "name": "t > 1200 ms",
        "count": 0,
        "percentage": 0
    },
    "group4": {
        "name": "failed",
        "count": 1,
        "percentage": 0
    },
    "meanNumberOfRequestsPerSecond": {
        "total": 0.6907894736842105,
        "ok": 0.6875,
        "ko": 0.003289473684210526
    }
},
"contents": {
"req_snp-d90db": {
        "type": "REQUEST",
        "name": "snp",
"path": "snp",
"pathFormatted": "req_snp-d90db",
"stats": {
    "name": "snp",
    "numberOfRequests": {
        "total": 210,
        "ok": 209,
        "ko": 1
    },
    "minResponseTime": {
        "total": 93,
        "ok": 93,
        "ko": 1299
    },
    "maxResponseTime": {
        "total": 1299,
        "ok": 626,
        "ko": 1299
    },
    "meanResponseTime": {
        "total": 142,
        "ok": 136,
        "ko": 1299
    },
    "standardDeviation": {
        "total": 96,
        "ok": 53,
        "ko": 0
    },
    "percentiles1": {
        "total": 123,
        "ok": 123,
        "ko": 1299
    },
    "percentiles2": {
        "total": 129,
        "ok": 129,
        "ko": 1299
    },
    "percentiles3": {
        "total": 211,
        "ok": 206,
        "ko": 1299
    },
    "percentiles4": {
        "total": 407,
        "ok": 391,
        "ko": 1299
    },
    "group1": {
        "name": "t < 800 ms",
        "count": 209,
        "percentage": 100
    },
    "group2": {
        "name": "800 ms < t < 1200 ms",
        "count": 0,
        "percentage": 0
    },
    "group3": {
        "name": "t > 1200 ms",
        "count": 0,
        "percentage": 0
    },
    "group4": {
        "name": "failed",
        "count": 1,
        "percentage": 0
    },
    "meanNumberOfRequestsPerSecond": {
        "total": 0.6907894736842105,
        "ok": 0.6875,
        "ko": 0.003289473684210526
    }
}
    }
}

}