{
  "type": "GROUP",
"name": "Global Information",
"path": "",
"pathFormatted": "group_missing-name-b06d1",
"stats": {
    "name": "Global Information",
    "numberOfRequests": {
        "total": 210,
        "ok": 210,
        "ko": 0
    },
    "minResponseTime": {
        "total": 37,
        "ok": 37,
        "ko": 0
    },
    "maxResponseTime": {
        "total": 101,
        "ok": 101,
        "ko": 0
    },
    "meanResponseTime": {
        "total": 45,
        "ok": 45,
        "ko": 0
    },
    "standardDeviation": {
        "total": 9,
        "ok": 9,
        "ko": 0
    },
    "percentiles1": {
        "total": 42,
        "ok": 42,
        "ko": 0
    },
    "percentiles2": {
        "total": 47,
        "ok": 47,
        "ko": 0
    },
    "percentiles3": {
        "total": 61,
        "ok": 61,
        "ko": 0
    },
    "percentiles4": {
        "total": 86,
        "ok": 86,
        "ko": 0
    },
    "group1": {
        "name": "t < 800 ms",
        "count": 210,
        "percentage": 100
    },
    "group2": {
        "name": "800 ms < t < 1200 ms",
        "count": 0,
        "percentage": 0
    },
    "group3": {
        "name": "t > 1200 ms",
        "count": 0,
        "percentage": 0
    },
    "group4": {
        "name": "failed",
        "count": 0,
        "percentage": 0
    },
    "meanNumberOfRequestsPerSecond": {
        "total": 0.6907894736842105,
        "ok": 0.6907894736842105,
        "ko": 0
    }
},
"contents": {
"req_snp-d90db": {
        "type": "REQUEST",
        "name": "snp",
"path": "snp",
"pathFormatted": "req_snp-d90db",
"stats": {
    "name": "snp",
    "numberOfRequests": {
        "total": 210,
        "ok": 210,
        "ko": 0
    },
    "minResponseTime": {
        "total": 37,
        "ok": 37,
        "ko": 0
    },
    "maxResponseTime": {
        "total": 101,
        "ok": 101,
        "ko": 0
    },
    "meanResponseTime": {
        "total": 45,
        "ok": 45,
        "ko": 0
    },
    "standardDeviation": {
        "total": 9,
        "ok": 9,
        "ko": 0
    },
    "percentiles1": {
        "total": 42,
        "ok": 42,
        "ko": 0
    },
    "percentiles2": {
        "total": 47,
        "ok": 47,
        "ko": 0
    },
    "percentiles3": {
        "total": 61,
        "ok": 61,
        "ko": 0
    },
    "percentiles4": {
        "total": 86,
        "ok": 86,
        "ko": 0
    },
    "group1": {
        "name": "t < 800 ms",
        "count": 210,
        "percentage": 100
    },
    "group2": {
        "name": "800 ms < t < 1200 ms",
        "count": 0,
        "percentage": 0
    },
    "group3": {
        "name": "t > 1200 ms",
        "count": 0,
        "percentage": 0
    },
    "group4": {
        "name": "failed",
        "count": 0,
        "percentage": 0
    },
    "meanNumberOfRequestsPerSecond": {
        "total": 0.6907894736842105,
        "ok": 0.6907894736842105,
        "ko": 0
    }
}
    }
}

}