{
    "name": "Global Information",
    "numberOfRequests": {
        "total": 45,
        "ok": 45,
        "ko": 0
    },
    "minResponseTime": {
        "total": 153,
        "ok": 153,
        "ko": 0
    },
    "maxResponseTime": {
        "total": 530,
        "ok": 530,
        "ko": 0
    },
    "meanResponseTime": {
        "total": 262,
        "ok": 262,
        "ko": 0
    },
    "standardDeviation": {
        "total": 85,
        "ok": 85,
        "ko": 0
    },
    "percentiles1": {
        "total": 220,
        "ok": 220,
        "ko": 0
    },
    "percentiles2": {
        "total": 304,
        "ok": 304,
        "ko": 0
    },
    "percentiles3": {
        "total": 461,
        "ok": 461,
        "ko": 0
    },
    "percentiles4": {
        "total": 515,
        "ok": 515,
        "ko": 0
    },
    "group1": {
        "name": "t < 800 ms",
        "count": 45,
        "percentage": 100
    },
    "group2": {
        "name": "800 ms < t < 1200 ms",
        "count": 0,
        "percentage": 0
    },
    "group3": {
        "name": "t > 1200 ms",
        "count": 0,
        "percentage": 0
    },
    "group4": {
        "name": "failed",
        "count": 0,
        "percentage": 0
    },
    "meanNumberOfRequestsPerSecond": {
        "total": 0.1505016722408027,
        "ok": 0.1505016722408027,
        "ko": 0
    }
}