{
    "name": "Global Information",
    "numberOfRequests": {
        "total": 210,
        "ok": 210,
        "ko": 0
    },
    "minResponseTime": {
        "total": 174,
        "ok": 174,
        "ko": 0
    },
    "maxResponseTime": {
        "total": 607,
        "ok": 607,
        "ko": 0
    },
    "meanResponseTime": {
        "total": 221,
        "ok": 221,
        "ko": 0
    },
    "standardDeviation": {
        "total": 36,
        "ok": 36,
        "ko": 0
    },
    "percentiles1": {
        "total": 217,
        "ok": 217,
        "ko": 0
    },
    "percentiles2": {
        "total": 222,
        "ok": 222,
        "ko": 0
    },
    "percentiles3": {
        "total": 232,
        "ok": 232,
        "ko": 0
    },
    "percentiles4": {
        "total": 330,
        "ok": 330,
        "ko": 0
    },
    "group1": {
        "name": "t < 800 ms",
        "count": 210,
        "percentage": 100
    },
    "group2": {
        "name": "800 ms < t < 1200 ms",
        "count": 0,
        "percentage": 0
    },
    "group3": {
        "name": "t > 1200 ms",
        "count": 0,
        "percentage": 0
    },
    "group4": {
        "name": "failed",
        "count": 0,
        "percentage": 0
    },
    "meanNumberOfRequestsPerSecond": {
        "total": 0.6907894736842105,
        "ok": 0.6907894736842105,
        "ko": 0
    }
}