{
    "name": "Global Information",
    "numberOfRequests": {
        "total": 45,
        "ok": 45,
        "ko": 0
    },
    "minResponseTime": {
        "total": 50,
        "ok": 50,
        "ko": 0
    },
    "maxResponseTime": {
        "total": 155,
        "ok": 155,
        "ko": 0
    },
    "meanResponseTime": {
        "total": 83,
        "ok": 83,
        "ko": 0
    },
    "standardDeviation": {
        "total": 24,
        "ok": 24,
        "ko": 0
    },
    "percentiles1": {
        "total": 91,
        "ok": 91,
        "ko": 0
    },
    "percentiles2": {
        "total": 93,
        "ok": 93,
        "ko": 0
    },
    "percentiles3": {
        "total": 108,
        "ok": 108,
        "ko": 0
    },
    "percentiles4": {
        "total": 140,
        "ok": 140,
        "ko": 0
    },
    "group1": {
        "name": "t < 800 ms",
        "count": 45,
        "percentage": 100
    },
    "group2": {
        "name": "800 ms < t < 1200 ms",
        "count": 0,
        "percentage": 0
    },
    "group3": {
        "name": "t > 1200 ms",
        "count": 0,
        "percentage": 0
    },
    "group4": {
        "name": "failed",
        "count": 0,
        "percentage": 0
    },
    "meanNumberOfRequestsPerSecond": {
        "total": 0.1505016722408027,
        "ok": 0.1505016722408027,
        "ko": 0
    }
}