{
  "type": "GROUP",
"name": "Global Information",
"path": "",
"pathFormatted": "group_missing-name-b06d1",
"stats": {
    "name": "Global Information",
    "numberOfRequests": {
        "total": 210,
        "ok": 210,
        "ko": 0
    },
    "minResponseTime": {
        "total": 30,
        "ok": 30,
        "ko": 0
    },
    "maxResponseTime": {
        "total": 163,
        "ok": 163,
        "ko": 0
    },
    "meanResponseTime": {
        "total": 38,
        "ok": 38,
        "ko": 0
    },
    "standardDeviation": {
        "total": 14,
        "ok": 14,
        "ko": 0
    },
    "percentiles1": {
        "total": 36,
        "ok": 36,
        "ko": 0
    },
    "percentiles2": {
        "total": 39,
        "ok": 39,
        "ko": 0
    },
    "percentiles3": {
        "total": 48,
        "ok": 48,
        "ko": 0
    },
    "percentiles4": {
        "total": 94,
        "ok": 94,
        "ko": 0
    },
    "group1": {
        "name": "t < 800 ms",
        "count": 210,
        "percentage": 100
    },
    "group2": {
        "name": "800 ms < t < 1200 ms",
        "count": 0,
        "percentage": 0
    },
    "group3": {
        "name": "t > 1200 ms",
        "count": 0,
        "percentage": 0
    },
    "group4": {
        "name": "failed",
        "count": 0,
        "percentage": 0
    },
    "meanNumberOfRequestsPerSecond": {
        "total": 0.693069306930693,
        "ok": 0.693069306930693,
        "ko": 0
    }
},
"contents": {
"req_fcandtc-991dc": {
        "type": "REQUEST",
        "name": "fcanDTC",
"path": "fcanDTC",
"pathFormatted": "req_fcandtc-991dc",
"stats": {
    "name": "fcanDTC",
    "numberOfRequests": {
        "total": 210,
        "ok": 210,
        "ko": 0
    },
    "minResponseTime": {
        "total": 30,
        "ok": 30,
        "ko": 0
    },
    "maxResponseTime": {
        "total": 163,
        "ok": 163,
        "ko": 0
    },
    "meanResponseTime": {
        "total": 38,
        "ok": 38,
        "ko": 0
    },
    "standardDeviation": {
        "total": 14,
        "ok": 14,
        "ko": 0
    },
    "percentiles1": {
        "total": 36,
        "ok": 36,
        "ko": 0
    },
    "percentiles2": {
        "total": 39,
        "ok": 39,
        "ko": 0
    },
    "percentiles3": {
        "total": 48,
        "ok": 48,
        "ko": 0
    },
    "percentiles4": {
        "total": 94,
        "ok": 94,
        "ko": 0
    },
    "group1": {
        "name": "t < 800 ms",
        "count": 210,
        "percentage": 100
    },
    "group2": {
        "name": "800 ms < t < 1200 ms",
        "count": 0,
        "percentage": 0
    },
    "group3": {
        "name": "t > 1200 ms",
        "count": 0,
        "percentage": 0
    },
    "group4": {
        "name": "failed",
        "count": 0,
        "percentage": 0
    },
    "meanNumberOfRequestsPerSecond": {
        "total": 0.693069306930693,
        "ok": 0.693069306930693,
        "ko": 0
    }
}
    }
}

}