{
    "name": "Global Information",
    "numberOfRequests": {
        "total": 45,
        "ok": 45,
        "ko": 0
    },
    "minResponseTime": {
        "total": 47,
        "ok": 47,
        "ko": 0
    },
    "maxResponseTime": {
        "total": 789,
        "ok": 789,
        "ko": 0
    },
    "meanResponseTime": {
        "total": 81,
        "ok": 81,
        "ko": 0
    },
    "standardDeviation": {
        "total": 109,
        "ok": 109,
        "ko": 0
    },
    "percentiles1": {
        "total": 60,
        "ok": 60,
        "ko": 0
    },
    "percentiles2": {
        "total": 68,
        "ok": 68,
        "ko": 0
    },
    "percentiles3": {
        "total": 152,
        "ok": 152,
        "ko": 0
    },
    "percentiles4": {
        "total": 515,
        "ok": 515,
        "ko": 0
    },
    "group1": {
        "name": "t < 800 ms",
        "count": 45,
        "percentage": 100
    },
    "group2": {
        "name": "800 ms < t < 1200 ms",
        "count": 0,
        "percentage": 0
    },
    "group3": {
        "name": "t > 1200 ms",
        "count": 0,
        "percentage": 0
    },
    "group4": {
        "name": "failed",
        "count": 0,
        "percentage": 0
    },
    "meanNumberOfRequestsPerSecond": {
        "total": 0.15100671140939598,
        "ok": 0.15100671140939598,
        "ko": 0
    }
}