{
  "type": "GROUP",
"name": "Global Information",
"path": "",
"pathFormatted": "group_missing-name-b06d1",
"stats": {
    "name": "Global Information",
    "numberOfRequests": {
        "total": 210,
        "ok": 210,
        "ko": 0
    },
    "minResponseTime": {
        "total": 145,
        "ok": 145,
        "ko": 0
    },
    "maxResponseTime": {
        "total": 519,
        "ok": 519,
        "ko": 0
    },
    "meanResponseTime": {
        "total": 218,
        "ok": 218,
        "ko": 0
    },
    "standardDeviation": {
        "total": 50,
        "ok": 50,
        "ko": 0
    },
    "percentiles1": {
        "total": 210,
        "ok": 210,
        "ko": 0
    },
    "percentiles2": {
        "total": 215,
        "ok": 215,
        "ko": 0
    },
    "percentiles3": {
        "total": 288,
        "ok": 288,
        "ko": 0
    },
    "percentiles4": {
        "total": 500,
        "ok": 500,
        "ko": 0
    },
    "group1": {
        "name": "t < 800 ms",
        "count": 210,
        "percentage": 100
    },
    "group2": {
        "name": "800 ms < t < 1200 ms",
        "count": 0,
        "percentage": 0
    },
    "group3": {
        "name": "t > 1200 ms",
        "count": 0,
        "percentage": 0
    },
    "group4": {
        "name": "failed",
        "count": 0,
        "percentage": 0
    },
    "meanNumberOfRequestsPerSecond": {
        "total": 0.6907894736842105,
        "ok": 0.6907894736842105,
        "ko": 0
    }
},
"contents": {
"req_bcandtc-032f4": {
        "type": "REQUEST",
        "name": "bcanDTC",
"path": "bcanDTC",
"pathFormatted": "req_bcandtc-032f4",
"stats": {
    "name": "bcanDTC",
    "numberOfRequests": {
        "total": 210,
        "ok": 210,
        "ko": 0
    },
    "minResponseTime": {
        "total": 145,
        "ok": 145,
        "ko": 0
    },
    "maxResponseTime": {
        "total": 519,
        "ok": 519,
        "ko": 0
    },
    "meanResponseTime": {
        "total": 218,
        "ok": 218,
        "ko": 0
    },
    "standardDeviation": {
        "total": 50,
        "ok": 50,
        "ko": 0
    },
    "percentiles1": {
        "total": 210,
        "ok": 210,
        "ko": 0
    },
    "percentiles2": {
        "total": 215,
        "ok": 215,
        "ko": 0
    },
    "percentiles3": {
        "total": 288,
        "ok": 288,
        "ko": 0
    },
    "percentiles4": {
        "total": 500,
        "ok": 500,
        "ko": 0
    },
    "group1": {
        "name": "t < 800 ms",
        "count": 210,
        "percentage": 100
    },
    "group2": {
        "name": "800 ms < t < 1200 ms",
        "count": 0,
        "percentage": 0
    },
    "group3": {
        "name": "t > 1200 ms",
        "count": 0,
        "percentage": 0
    },
    "group4": {
        "name": "failed",
        "count": 0,
        "percentage": 0
    },
    "meanNumberOfRequestsPerSecond": {
        "total": 0.6907894736842105,
        "ok": 0.6907894736842105,
        "ko": 0
    }
}
    }
}

}