{
    "name": "Global Information",
    "numberOfRequests": {
        "total": 210,
        "ok": 210,
        "ko": 0
    },
    "minResponseTime": {
        "total": 92,
        "ok": 92,
        "ko": 0
    },
    "maxResponseTime": {
        "total": 273,
        "ok": 273,
        "ko": 0
    },
    "meanResponseTime": {
        "total": 117,
        "ok": 117,
        "ko": 0
    },
    "standardDeviation": {
        "total": 18,
        "ok": 18,
        "ko": 0
    },
    "percentiles1": {
        "total": 112,
        "ok": 112,
        "ko": 0
    },
    "percentiles2": {
        "total": 121,
        "ok": 121,
        "ko": 0
    },
    "percentiles3": {
        "total": 146,
        "ok": 146,
        "ko": 0
    },
    "percentiles4": {
        "total": 180,
        "ok": 180,
        "ko": 0
    },
    "group1": {
        "name": "t < 800 ms",
        "count": 210,
        "percentage": 100
    },
    "group2": {
        "name": "800 ms < t < 1200 ms",
        "count": 0,
        "percentage": 0
    },
    "group3": {
        "name": "t > 1200 ms",
        "count": 0,
        "percentage": 0
    },
    "group4": {
        "name": "failed",
        "count": 0,
        "percentage": 0
    },
    "meanNumberOfRequestsPerSecond": {
        "total": 0.6907894736842105,
        "ok": 0.6907894736842105,
        "ko": 0
    }
}