{
  "type": "GROUP",
"name": "Global Information",
"path": "",
"pathFormatted": "group_missing-name-b06d1",
"stats": {
    "name": "Global Information",
    "numberOfRequests": {
        "total": 210,
        "ok": 210,
        "ko": 0
    },
    "minResponseTime": {
        "total": 43,
        "ok": 43,
        "ko": 0
    },
    "maxResponseTime": {
        "total": 161,
        "ok": 161,
        "ko": 0
    },
    "meanResponseTime": {
        "total": 52,
        "ok": 52,
        "ko": 0
    },
    "standardDeviation": {
        "total": 15,
        "ok": 15,
        "ko": 0
    },
    "percentiles1": {
        "total": 48,
        "ok": 48,
        "ko": 0
    },
    "percentiles2": {
        "total": 52,
        "ok": 52,
        "ko": 0
    },
    "percentiles3": {
        "total": 71,
        "ok": 71,
        "ko": 0
    },
    "percentiles4": {
        "total": 130,
        "ok": 130,
        "ko": 0
    },
    "group1": {
        "name": "t < 800 ms",
        "count": 210,
        "percentage": 100
    },
    "group2": {
        "name": "800 ms < t < 1200 ms",
        "count": 0,
        "percentage": 0
    },
    "group3": {
        "name": "t > 1200 ms",
        "count": 0,
        "percentage": 0
    },
    "group4": {
        "name": "failed",
        "count": 0,
        "percentage": 0
    },
    "meanNumberOfRequestsPerSecond": {
        "total": 0.693069306930693,
        "ok": 0.693069306930693,
        "ko": 0
    }
},
"contents": {
"req_snp-d90db": {
        "type": "REQUEST",
        "name": "snp",
"path": "snp",
"pathFormatted": "req_snp-d90db",
"stats": {
    "name": "snp",
    "numberOfRequests": {
        "total": 210,
        "ok": 210,
        "ko": 0
    },
    "minResponseTime": {
        "total": 43,
        "ok": 43,
        "ko": 0
    },
    "maxResponseTime": {
        "total": 161,
        "ok": 161,
        "ko": 0
    },
    "meanResponseTime": {
        "total": 52,
        "ok": 52,
        "ko": 0
    },
    "standardDeviation": {
        "total": 15,
        "ok": 15,
        "ko": 0
    },
    "percentiles1": {
        "total": 48,
        "ok": 48,
        "ko": 0
    },
    "percentiles2": {
        "total": 52,
        "ok": 52,
        "ko": 0
    },
    "percentiles3": {
        "total": 71,
        "ok": 71,
        "ko": 0
    },
    "percentiles4": {
        "total": 130,
        "ok": 130,
        "ko": 0
    },
    "group1": {
        "name": "t < 800 ms",
        "count": 210,
        "percentage": 100
    },
    "group2": {
        "name": "800 ms < t < 1200 ms",
        "count": 0,
        "percentage": 0
    },
    "group3": {
        "name": "t > 1200 ms",
        "count": 0,
        "percentage": 0
    },
    "group4": {
        "name": "failed",
        "count": 0,
        "percentage": 0
    },
    "meanNumberOfRequestsPerSecond": {
        "total": 0.693069306930693,
        "ok": 0.693069306930693,
        "ko": 0
    }
}
    }
}

}