{
    "name": "Global Information",
    "numberOfRequests": {
        "total": 210,
        "ok": 210,
        "ko": 0
    },
    "minResponseTime": {
        "total": 52,
        "ok": 52,
        "ko": 0
    },
    "maxResponseTime": {
        "total": 179,
        "ok": 179,
        "ko": 0
    },
    "meanResponseTime": {
        "total": 69,
        "ok": 69,
        "ko": 0
    },
    "standardDeviation": {
        "total": 18,
        "ok": 18,
        "ko": 0
    },
    "percentiles1": {
        "total": 63,
        "ok": 63,
        "ko": 0
    },
    "percentiles2": {
        "total": 70,
        "ok": 70,
        "ko": 0
    },
    "percentiles3": {
        "total": 107,
        "ok": 107,
        "ko": 0
    },
    "percentiles4": {
        "total": 131,
        "ok": 131,
        "ko": 0
    },
    "group1": {
        "name": "t < 800 ms",
        "count": 210,
        "percentage": 100
    },
    "group2": {
        "name": "800 ms < t < 1200 ms",
        "count": 0,
        "percentage": 0
    },
    "group3": {
        "name": "t > 1200 ms",
        "count": 0,
        "percentage": 0
    },
    "group4": {
        "name": "failed",
        "count": 0,
        "percentage": 0
    },
    "meanNumberOfRequestsPerSecond": {
        "total": 0.6907894736842105,
        "ok": 0.6907894736842105,
        "ko": 0
    }
}