{
    "name": "Global Information",
    "numberOfRequests": {
        "total": 210,
        "ok": 209,
        "ko": 1
    },
    "minResponseTime": {
        "total": 31,
        "ok": 31,
        "ko": 1431
    },
    "maxResponseTime": {
        "total": 1431,
        "ok": 754,
        "ko": 1431
    },
    "meanResponseTime": {
        "total": 76,
        "ok": 69,
        "ko": 1431
    },
    "standardDeviation": {
        "total": 112,
        "ok": 61,
        "ko": 0
    },
    "percentiles1": {
        "total": 45,
        "ok": 44,
        "ko": 1431
    },
    "percentiles2": {
        "total": 88,
        "ok": 88,
        "ko": 1431
    },
    "percentiles3": {
        "total": 182,
        "ok": 157,
        "ko": 1431
    },
    "percentiles4": {
        "total": 232,
        "ok": 208,
        "ko": 1431
    },
    "group1": {
        "name": "t < 800 ms",
        "count": 209,
        "percentage": 100
    },
    "group2": {
        "name": "800 ms < t < 1200 ms",
        "count": 0,
        "percentage": 0
    },
    "group3": {
        "name": "t > 1200 ms",
        "count": 0,
        "percentage": 0
    },
    "group4": {
        "name": "failed",
        "count": 1,
        "percentage": 0
    },
    "meanNumberOfRequestsPerSecond": {
        "total": 0.693069306930693,
        "ok": 0.6897689768976898,
        "ko": 0.0033003300330033004
    }
}