{
    "name": "Global Information",
    "numberOfRequests": {
        "total": 210,
        "ok": 209,
        "ko": 1
    },
    "minResponseTime": {
        "total": 21,
        "ok": 26,
        "ko": 21
    },
    "maxResponseTime": {
        "total": 58,
        "ok": 58,
        "ko": 21
    },
    "meanResponseTime": {
        "total": 32,
        "ok": 32,
        "ko": 21
    },
    "standardDeviation": {
        "total": 6,
        "ok": 6,
        "ko": 0
    },
    "percentiles1": {
        "total": 30,
        "ok": 30,
        "ko": 21
    },
    "percentiles2": {
        "total": 34,
        "ok": 34,
        "ko": 21
    },
    "percentiles3": {
        "total": 48,
        "ok": 48,
        "ko": 21
    },
    "percentiles4": {
        "total": 55,
        "ok": 55,
        "ko": 21
    },
    "group1": {
        "name": "t < 800 ms",
        "count": 209,
        "percentage": 100
    },
    "group2": {
        "name": "800 ms < t < 1200 ms",
        "count": 0,
        "percentage": 0
    },
    "group3": {
        "name": "t > 1200 ms",
        "count": 0,
        "percentage": 0
    },
    "group4": {
        "name": "failed",
        "count": 1,
        "percentage": 0
    },
    "meanNumberOfRequestsPerSecond": {
        "total": 0.693069306930693,
        "ok": 0.6897689768976898,
        "ko": 0.0033003300330033004
    }
}