{
  "type": "GROUP",
"name": "Global Information",
"path": "",
"pathFormatted": "group_missing-name-b06d1",
"stats": {
    "name": "Global Information",
    "numberOfRequests": {
        "total": 210,
        "ok": 210,
        "ko": 0
    },
    "minResponseTime": {
        "total": 61,
        "ok": 61,
        "ko": 0
    },
    "maxResponseTime": {
        "total": 560,
        "ok": 560,
        "ko": 0
    },
    "meanResponseTime": {
        "total": 99,
        "ok": 99,
        "ko": 0
    },
    "standardDeviation": {
        "total": 72,
        "ok": 72,
        "ko": 0
    },
    "percentiles1": {
        "total": 71,
        "ok": 71,
        "ko": 0
    },
    "percentiles2": {
        "total": 83,
        "ok": 83,
        "ko": 0
    },
    "percentiles3": {
        "total": 244,
        "ok": 244,
        "ko": 0
    },
    "percentiles4": {
        "total": 423,
        "ok": 423,
        "ko": 0
    },
    "group1": {
        "name": "t < 800 ms",
        "count": 210,
        "percentage": 100
    },
    "group2": {
        "name": "800 ms < t < 1200 ms",
        "count": 0,
        "percentage": 0
    },
    "group3": {
        "name": "t > 1200 ms",
        "count": 0,
        "percentage": 0
    },
    "group4": {
        "name": "failed",
        "count": 0,
        "percentage": 0
    },
    "meanNumberOfRequestsPerSecond": {
        "total": 0.6907894736842105,
        "ok": 0.6907894736842105,
        "ko": 0
    }
},
"contents": {
"req_ffd-0c1b3": {
        "type": "REQUEST",
        "name": "ffd",
"path": "ffd",
"pathFormatted": "req_ffd-0c1b3",
"stats": {
    "name": "ffd",
    "numberOfRequests": {
        "total": 210,
        "ok": 210,
        "ko": 0
    },
    "minResponseTime": {
        "total": 61,
        "ok": 61,
        "ko": 0
    },
    "maxResponseTime": {
        "total": 560,
        "ok": 560,
        "ko": 0
    },
    "meanResponseTime": {
        "total": 99,
        "ok": 99,
        "ko": 0
    },
    "standardDeviation": {
        "total": 72,
        "ok": 72,
        "ko": 0
    },
    "percentiles1": {
        "total": 71,
        "ok": 71,
        "ko": 0
    },
    "percentiles2": {
        "total": 83,
        "ok": 83,
        "ko": 0
    },
    "percentiles3": {
        "total": 244,
        "ok": 244,
        "ko": 0
    },
    "percentiles4": {
        "total": 423,
        "ok": 423,
        "ko": 0
    },
    "group1": {
        "name": "t < 800 ms",
        "count": 210,
        "percentage": 100
    },
    "group2": {
        "name": "800 ms < t < 1200 ms",
        "count": 0,
        "percentage": 0
    },
    "group3": {
        "name": "t > 1200 ms",
        "count": 0,
        "percentage": 0
    },
    "group4": {
        "name": "failed",
        "count": 0,
        "percentage": 0
    },
    "meanNumberOfRequestsPerSecond": {
        "total": 0.6907894736842105,
        "ok": 0.6907894736842105,
        "ko": 0
    }
}
    }
}

}