<?xml version="1.0" encoding="UTF-8"?>
<ReproKeyRequest>
    <X-Version>01</X-Version>
    <TerminalInfo>
        <SoftwareID>YRT</SoftwareID>
        <SoftwareVersion>[SoftwareVersion]</SoftwareVersion>
        <LicenseKey>0000000000000000000000000000000000000000000000</LicenseKey>
    </TerminalInfo>
    <VehicleIdentificationNumber>[VehicleIdentificationNumber]</VehicleIdentificationNumber>
    <RequesterKind>1</RequesterKind>
    <KeypairID>RK0001</KeypairID>
    <SeedValue>[SeedValue]</SeedValue>
</ReproKeyRequest>